from,to,ini,res,rea,sus,pmax,qmax
0,1,1,8.815698892287488e-08,1.9931145321693457e-08,0,114868.82148781714,114868.82148781714
1,2,1,9.490085534041255e-08,2.1455845555223712e-08,0,114868.82148781714,114868.82148781714
2,3,1,1.0108845999367793e-07,2.285478225944023e-08,0,114868.82148781714,114868.82148781714
3,4,1,8.189328557096903e-08,1.8515003694306046e-08,0,114868.82148781714,114868.82148781714
