from,to,ini,res,rea,sus,pmax,qmax
0,1,1,8.815698892287489e-05,1.9931145321693457e-05,0,114.86882148781713,114.86882148781713
1,2,1,9.490085534041255e-05,2.1455845555223712e-05,0,114.86882148781713,114.86882148781713
2,3,1,0.00010108845999367793,2.2854782259440233e-05,0,114.86882148781713,114.86882148781713
3,4,1,8.189328557096904e-05,1.8515003694306046e-05,0,114.86882148781713,114.86882148781713
