from,to,distance
0,1,13.20246731934098
1,2,14.212434618263089
2,3,15.139095671661897
3,4,12.264409658660993
